ID,Tarih,Kanal,Ürün,Mesaj,Sınıf (olumlu/olumsuz/nötr)
GB-001,2024-01-22,Web Formu,Paslanmaz Sac,"Sevkiyat söz verilenden iki gün erken geldi, çok memnun kaldık.",
GB-002,2024-01-14,E-posta,Karbon Çelik Boru,"Son partide boru çaplarında tolerans dışı sapmalar vardı, iade etmek zorunda kaldık.",
GB-003,2024-01-18,Telefon,Alüminyum Profil,Fiyatlarınız rakiplere göre yüksek ama kalite gerçekten iyi.,
GB-004,2024-01-21,E-posta,Paslanmaz Sac,Teklif sürecindeki gecikme yüzünden projede sıkıntı yaşadık.,
GB-005,2024-01-09,Web Formu,Karbon Çelik Boru,"Teknik ekibiniz montaj konusunda çok yardımcı oldu, teşekkürler.",
GB-006,2024-01-03,Telefon,Alüminyum Profil,"Faturada yanlış adet vardı, düzeltilmesi bir haftamı aldı.",
GB-007,2024-02-06,E-posta,Paslanmaz Sac,"Ürün kalitesi standart, özel bir sıkıntı yok.",
GB-008,2024-03-20,Web Formu,Karbon Çelik Boru,"Kaynak sonrası yüzeyde paslanma başladı, beklediğimiz dayanıklılık bu değildi.",
GB-009,2024-03-27,Telefon,Alüminyum Profil,"Sipariş takip sistemi çok pratik, her aşamayı görebiliyoruz.",
GB-010,2024-02-10,E-posta,Paslanmaz Sac,Teslimat zamanında geldi ancak ambalaj hasarlıydı.,
GB-011,2024-02-04,Web Formu,Karbon Çelik Boru,"İkinci kez çalışıyoruz, ilk seferki gibi sorunsuz ilerledi.",
GB-012,2024-02-23,Telefon,Alüminyum Profil,Talep ettiğim numuneler hâlâ elime ulaşmadı.,
GB-013,2024-02-23,E-posta,Paslanmaz Sac,"Satış temsilcisi çok ilgili, sorularımıza hızlı dönüş yapıyor.",
GB-014,2024-03-09,Web Formu,Karbon Çelik Boru,"Miktar iskontosu beklediğimden azdı, biraz hayal kırıklığı.",
GB-015,2024-02-18,Telefon,Alüminyum Profil,"Ürün tam istediğimiz gibi, tekrar sipariş vereceğiz.",
GB-016,2024-01-15,E-posta,Paslanmaz Sac,"Sertifika belgeleri eksik geldi, tedarik zincirimizi aksattı.",
GB-017,2024-01-20,Web Formu,Karbon Çelik Boru,Fiyat performans açısından gayet dengeli buldum.,
GB-018,2024-03-14,Telefon,Alüminyum Profil,"Çağrı merkezinde uzun süre bekletildim, ulaşmak zor.",
GB-019,2024-03-11,E-posta,Paslanmaz Sac,"Beklenenden hızlı üretim, teşekkür ederiz.",
GB-020,2024-01-09,Web Formu,Karbon Çelik Boru,"Teslim edilen ürün numunelerle birebir aynı, çok memnunuz.",
GB-021,2024-01-03,Telefon,Alüminyum Profil,Ödeme vadesi konusunda esneklik gösterilmedi.,
GB-022,2024-03-22,E-posta,Paslanmaz Sac,Genel olarak iyi ama sevkiyat bilgilendirmesi zamanında yapılmadı.,
GB-023,2024-01-19,Web Formu,Karbon Çelik Boru,Ürünlerinizi başka firmalara da tavsiye ettim.,
GB-024,2024-03-25,Telefon,Alüminyum Profil,Renk kaplamada tonlar arasında fark vardı.,
GB-025,2024-02-27,E-posta,Paslanmaz Sac,"Sipariş sürecinde herhangi bir sıkıntı yaşamadık, standart bir deneyimdi.",
